Despesa,Des_Despesa,Fornecedor
30B1200.4,30B1200.4 - Despesas de Funcionamento - Viagens,
PB1238.3,PB1238.3 - Manutenção Software DealerNet - Oficina Assistencial,
PB1286.2,PB1286.2 - ICT per QUALITY,FGP
PB1286.3,PB1286.3 - AMS MAPS,FGP
PB1276.5,PB1276.5 - Mobile Services,BT
PB1293.4,"PB1293.4 - Serviço de Governança EUS - SCCM, SEP",Stefanini
PB1293.3,PB1293.3 - Serviço de Manutenção da plataforma MDM Airwatch,
PB1293.1,PB1293.1 - Serviço de Governança EUS,Force One
PB1330.4,PB1330.4 - Leasing de computadores 2018/2,HP Financial
PB1330.3,PB1330.3 - Leasing de computadores 2018/1,HP Financial
PB1330.2,PB1330.2 - Leasing de computadores 2017/2,HP Financial
PB1525.2,PB1525.2 - Telecom Expenses Management,BT
PB1541.2,PB1541.2 - HEAD - 3o Turno,Head
PB1541.3,PB1541.3 - HEAD - Peças de Reposição e manutenção,Head
PB1593.1,PB1593.1 - Suporte Especializado EUS,Stefanini
PB1606.1,PB1606.1 - MDM - Licensing Growth and Support,FCA Item
30B1200.1,30B1200.1 - Despesas de Funcionamento - Manutenção,
30B1200.2,30B1200.2 - Despesas de Funcionamento - Material de Consumo,
30B1200.3,30B1200.3 - Despesas de Funcionamento - Eventos,
30Q1203.2,30Q1203.2 - Despesas de Funcionamento - Viagens,
30Q1203.1,30Q1203.1 - Despesas de Funcionamento - Manutenção,
30Q1206.2,30Q1206.2 - Despesas de Viagens ICT on-going,
30Q1206.1,30Q1206.1 - Transferência SG&A - Engenharia,
PB1201.2,PB1201.2 - Manutenções Evolutivas para FCA Argentina (Revenue Cycle),IBM e Diversos
PB1201.3,PB1201.3 - Manutenções Evolutivas Relatórios Financeiros GS3,T-Systems
PB1201.1,PB1201.1 - Manutenções Evolutivas,IBM e Diversos
PB1202.2,PB1202.2 - Manutenção Software E-Forms (NFe),Unisys
PB1202.3,PB1202.3 - Manutenção Software XRT,XRT
PB1202.4,PB1202.4 - ADSOLUTIONS - Licença AD Tracking,AD Solutions
PB1203.2,"PB1203.2 - AMS  ZOOM, Semplice e Niagara + TCC Essbase",Techedge
PB1203.3,PB1203.3 - Serviços AR Full SAP,Squadra
PB1203.4,PB1203.4 - AMS aplicativos FOX PRO,BH FOX
PB1203.5,PB1203.5 - TCC Essbase Hyperion,Techedge
PB1203.7,PB1203.7 - AMS Sistema Controle de Remessa,Avalara
PB1203.8,PB1203.8 - Serviços Controladoria de Custos,Stefanini
PB1203.30,PB1203.30 - Serviços Controladoria Comercial,Techedge
PB1203.31,PB1203.31 - AMS Ferramenta de Controles Internos SOX,
PB1203.32,PB1203.32 - AMS Controle Industrial,
PB1203.33,PB1203.33 - AMS NPV System,
PB1203.34,PB1203.34 - AMS Average Cost Stock Evaluation,
PB1204.2,PB1204.2 - PRODUCT COSTING AMS FIASA/FAASA,FCA Itália
PB1204.3,PB1204.3 - ZOOM licenses maintenance,FCA Itália
PB1204.4,PB1204.4 - SEMPLICE,FCA Itália
PB1204.5,PB1204.5 - ACP - Supporto ex enti Fiat Powertrain,FCA Itália
PB1204.6,PB1204.6 - SEMPLICE licenses maintenance,FCA Itália
PB1204.1,PB1204.1 - SEMPLICE,FCA Itália
PB1207.2,"PB1207.2 - SPED - Renovação SW Connect, DB2 e WebSphere",IBM
PB1207.3,PB1207.3 - Manutenção Software Trillium,NODES
PB1208.53,PB1208.53 - Serviços de Arquitetura Salesforce,JFOX
PB1208.52,PB1208.52 - AMS Sales Operations,Force One
PB1208.51,PB1208.51 - AMS Network Development,Force One
PB1208.50,PB1267.6 - Smart AMS DW Garantia,
PB1208.4,PB1208.4 - Help Desk Concessionárias,Stefanini
PB1208.7,PB1208.7 - AMS Portal DPR/WCD/SGTR,BHTEC
PB1208.10,PB1208.10 - AMS DW Logistico,IBM
PB1208.18,PB1267.5 - AMS IBM Planning Analytics,TBD
PB1208.47,PB1208.47 - AMS DGR,DealerNet
PB1209.2,PB1209.2 - DB CARE,FCA Itália
PB1209.3,PB1209.3 - Sales & Commercial Central support,FCA Itália
PB1209.4,PB1209.4 - .Link,FCA Itália
PB1209.5,PB1209.5 - DB CARE,FCA Itália
PB1209.6,PB1209.6 - PRODUCT CATALOGUE,FCA Itália
PB1209.7,PB1209.7 - .Link,FCA Itália
PB1209.1,PB1209.1 - PRODUCT CATALOGUE,FCA Itália
PB1212.2,PB1212.2 - AMS eSC - Common Suppliers Portal,Accenture
PB1212.3,PB1212.3 - AMS PMRF (Reporting Finance),Techedge
PB1212.4,PB1212.4 - AMS FS3 Suppliers Sensitivity System,Techedge
PB1212.6,PB1212.6 - AMS DW - Manutenção de sistemas de Compras,Casa de SW
PB1213.18,PB1213.18 - AMS Global PBD,Chrysler
PB1213.17,PB1213.17 - ECMS - 2018 K2 Software Maintenance,Chrysler
PB1213.16,PB1213.16 - AMS (Phase II) Global Supplier Scorecard,Chrysler
PB1213.15,PB1213.15 - P18045 - AMS eLearning tool: support,FGP
PB1213.14,PB1213.14 - P17965 - AMS LATAM Purchase Order Archiving (DOCMA),FGP
PB1213.13,PB1213.13 - P12883 - AMS eSC Suppliers Portal: Support ,FGP
PB1213.2,PB1213.2 - P15728 - AMS GST + Commodity Strategy,FGP
PB1213.4,PB1213.4 - P11990 - AMS Finance Suppliers Sensitivity System FS3,FGP
PB1213.7,PB1213.7 - P11387 - AMS FGP Reporting and Simulation,FGP
PB1213.9,PB1213.9 - P16423 - AMS PLuS Support,FGP
PB1213.10,PB1213.10 - P14383 - AMS GP Document Management,FGP
PB1213.12,PB1213.12 - AMS (Phase I) Global Supplier Scorecard,Chrysler
PB1214.2,PB1214.2 - HPC FIASA,NPO
PB1214.3,PB1214.3 - Garantia Servidores HPC,NPO
PB1214.1,PB1214.1 - HPC FIASA TechValue (COMPLEMENTAR),TechValue
PB1215.1,PB1215.1 - Manutenções Evolutivas,IBM e Diversos
PB1216.2,PB1216.2 - TCAE / Unigraphics,Siemens
PB1216.3,PB1216.3 - ABAQUS - 140 TOKENSe ISIGHT,Smarttech
PB1216.4,PB1216.4 - Hyperworks e PBS,Altair Engineering
PB1216.5,PB1216.5 - Star CCM plus,CD-Adapco
PB1216.6,PB1216.6 - MATLAB,Opencadd
PB1216.7,PB1216.7 - INCA,ETAS
PB1216.8,PB1216.8 - GT Power,Gamma
PB1216.9,PB1216.9 - Excite,AVL List
PB1216.10,PB1216.10 - Test.Lab,Siemens
PB1216.11,PB1216.11 - SW WEBSPHERE 600 TOKENS / SW DOORS / SW SYNERGY E CHANGE,IBM
PB1216.12,PB1216.12 - SW Madymo,TASS HQ
PB1216.13,PB1216.13 - Manutenção SW Virtual LAB e Tecware,Siemens
PB1216.14,PB1216.14 - Manutenção SW Pulse,Bruel e Kjaer
PB1216.15,PB1216.15 - Manutenção SW Icem Surf,Dassault
PB1216.16,PB1216.16 - Ansa,Smarttech Inc.
PB1216.17,PB1216.17 - SW E3,CIM TEAM
PB1216.18,PB1216.18 - Manutenção SW Aesthetica,Optis
PB1216.19,PB1216.19 - MasterKey Adams 1476 Tokens + Pacote Adams+Nastran,MSC Brasil
PB1216.20,PB1216.20 - Cameo,AVL List
PB1216.21,PB1216.21 - HFSS AnsoftLInks for IGES/STEP e Design,Engineering Simulation
PB1216.22,PB1216.22 - Autoform - Engenharia de Produto,Autoform
PB1216.23,PB1216.23 - SW Kuli,VirtualCAE
PB1216.24,PB1216.24 - nCODE,HBM
PB1216.25,PB1216.25 - Licença A2Mac1,A2MAC1
PB1216.26,PB1216.26 - AUTODESK ALIAS/SHOWCASE/MAYA,Digicade
PB1216.27,PB1216.27 - Altia / Altia Matlab,Altia INC.
PB1216.28,PB1216.28 - ELEMENTS,Engys
PB1216.29,PB1216.29 - Logical Cable,Mentor Graphicsworldwide
PB1216.30,PB1216.30 - VI-GRADE,Vi Grade
PB1216.31,PB1216.31 - Autoform - Engenharia de Custos,Autoform
PB1216.32,PB1216.32 - Flowmaster,Creative
PB1216.33,PB1216.33 - Helical 3D,Advanced
PB1216.34,PB1216.34 - Moldflow,Mapdata
PB1216.35,PB1216.35 - SW Spectrends,Mkspec
PB1216.36,PB1216.36 - Manutenção SW SYMTA,Symtavision
PB1216.37,PB1216.37 - PACOTE ADOBE,Mapdata
PB1216.38,PB1216.38 - Hyperworks e PBS (COMPLEMENTAR),Altair Engineering
PB1216.39,PB1216.39 - VI-GRADE (COMPLEMENTAR),Vi Grade
PB1216.40,PB1216.40 - Star CCM plus (COMPLEMENTAR),CD-Adapco
PB1216.41,PB1216.41 - Forming Suite,Technosim Engenharia
PB1216.42,PB1216.42 - Metapost,Smarttech
PB1216.43,PB1216.43 - Excite (COMPLEMENTAR),AVL List
PB1216.44,PB1216.44 - SIMDrive,Contecs Engineering
PB1216.45,PB1216.45 - SABER SIMULATOR,Synopsys
PB1216.46,PB1216.46 - SW Lucid Shape e Luciddrive,Synopsys
PB1216.47,PB1216.47 - Manutenção SW Icem Surf (COMPLEMENTAR),Dassault
PB1216.48,PB1216.48 - Ansa - 5 meses,Smarttech Inc.
PB1216.49,PB1216.49 - AUTODESK VRED (COMPLEMENTAR),Digicade
PB1216.50,PB1216.50 - Orcad,Edashop INC
PB1216.51,PB1216.51 - Ansa - complementar 2,Smarttech Inc.
PB1216.52,PB1216.52 - SW Sisab (Franco Suiço),Autoneum
PB1216.53,PB1216.53 - MATLAB (COMPLEMENTAR),Opencadd
PB1216.54,PB1216.54 - Ansa - complementar,Smarttech Inc.
PB1216.55,PB1216.55 - LS DYNA,TASS HQ
PB1216.56,PB1216.56 - Autoform - Engenharia de Produto (Complementar),Autoform
PB1216.57,PB1216.57 - MSC ONE (COMPLEMENTAR),Autoform
PB1216.58,PB1216.58 - Ansa - complementar,Smarttech Inc.
PB1216.59,PB1216.59 - Manutenção SW Virtual LAB e Tecware (COMPLEMENTAR),Siemens
PB1216.60,PB1216.60 - MATLAB (COMPLEMENTAR),Opencadd
PB1216.61,PB1216.61 - MasterKey Adams 300 Tokens (COMPLEMENTAR),MSC Brasil
PB1216.62,PB1216.62 - MATLAB (COMPLEMENTAR),Opencadd
PB1216.63,PB1216.63 - SW VA-ONE,ESI Group
PB1216.64,PB1216.64 - Deltagen,Dassault
PB1216.65,PB1216.65 - Manutenção do software Deadline,ThinkBox
PB1216.66,PB1216.66 - Manutenção SW KEYSHOT,Luxion
PB1216.1,PB1216.1 - Polarion,Cairus
PB1217.2,PB1217.2 - Gestão Workstations CAX - Gestão Mensal,Stefanini
PB1217.3,PB1217.3 - Suporte SLM TCAE on site Stefanini,Stefanini
PB1217.4,PB1217.4 - Suporte SLM TCAE (UGS) on site,T-Systems
PB1217.5,PB1217.5 - Gestão de Contratação Externa (GCE),IBM
PB1217.6,PB1217.6 - Gestão do Sistema e-Change ( Parte Engenharia),IBM
PB1217.7,PB1217.7 - Sharepoint - Aplicações Engenharia - Micro-Gestão,IBM
PB1217.8,PB1217.8 - Sharepoint Engenharia - PIM,IBM
PB1217.9,PB1217.9 - Recursos ICT Externos,Stefanini
PB1217.10,PB1217.10 - Sharepoint Engenharia - Study Request,IBM
PB1217.11,PB1217.11 - Gestão Sistemas Spark,
PB1217.12,PB1217.12 - Gestão Sistemas Framework,Framework
PB1217.13,PB1217.13 - Sharepoint Engenharia - Parking,IBM
PB1217.14,PB1217.14 - Sharepoint - Portal da Engenharia,IBM
PB1217.15,PB1217.15 - Gestão Portais Sharepoint (4 portais),IBM
PB1217.1,PB1217.1 - Gestão Dados Experimentação,IBM
PB1218.2,PB1218.2 - Global Back end - SME,FCA Itália
PB1218.3,PB1218.3 - Product Configurator - RTC,FCA Itália
PB1218.4,PB1218.4 - (CODEP) CODEP,FCA Itália
PB1218.5,PB1218.5 - PSI-CATNET,FCA Itália
PB1218.6,PB1218.6 - AMS TCAE (TC),FCA Itália
PB1218.7,PB1218.7 - Product Configurator - RTC,FCA Itália
PB1218.8,PB1218.8 - (GRPROD) GRIGLIA DI PRODOTTO,FCA Itália
PB1218.9,PB1218.9 - ESLM R&D Support,FCA Itália
PB1218.10,PB1218.10 - DB Benchmarking Infrastructure,FCA Itália
PB1218.11,PB1218.11 - ESLM-GLUE FIASA,FCA Itália
PB1218.12,PB1218.12 - Engineering Planning System,FCA Itália
PB1218.13,PB1218.13 - ESLM - Embedded Software Lifecycle Mgmt,FCA Itália
PB1218.14,PB1218.14 - PGP Piano gamma prodotti,FCA Itália
PB1218.15,PB1218.15 - NX Base Customizations,FCA Itália
PB1218.16,PB1218.16 - Application Lifecycle Mnmt (ALM) - PD,FCA Itália
PB1218.17,PB1218.17 - Global Standard Plan,FCA Itália
PB1218.18,PB1218.18 - Supporto ESLM,FCA Itália
PB1218.19,PB1218.19 - BESTANDARD,FCA Itália
PB1218.20,PB1218.20 - ESLM - Report,FCA Itália
PB1218.21,PB1218.21 - CADNET,FCA Itália
PB1218.22,PB1218.22 - GBD - Global Benchmarking Database,FCA Itália
PB1218.23,PB1218.23 - (CODEP) CODEP,FCA Itália
PB1218.24,PB1218.24 - AGT Access Grant Tool,FCA Itália
PB1218.25,PB1218.25 - (GRPROD) GRIGLIA DI PRODOTTO,FCA Itália
PB1218.26,PB1218.26 - PGP Piano gamma prodotti,FCA Itália
PB1218.27,PB1218.27 - BESTANDARD,FCA Itália
PB1218.28,PB1218.28 - BlockPoint NX,FCA Itália
PB1218.29,PB1218.29 - Application Lifecycle Mnmt (ALM) - PD (COMPLEMENTAR),FCA Itália
PB1218.1,PB1218.1 - E3 Bundle Global License WAN,FCA Itália
PB1219.1,PB1219.1 - Despesas Diversas ICT,
PB1221.1,PB1221.1 - Manutenções Evolutivas,
PB1222.1,PB1222.1 - Cognos Planning - TM1 - Subscription,Ação Informática
PB1223.2,PB1223.2 - AWS Smart AMS,NPO
PB1223.1,PB1223.1 - IBM Smart AMS,IBM
PB1225.6,PB1225.6 - Telecom Expenses Management (TEM),BT
PB1225.2,PB1225.2 - Suporte Gartner,Gartner
PB1225.3,PB1225.3 - Financial Management & Contracts,Force One
PB1225.1,PB1225.1 - Simpósio Gartner,Gartner
PB1226.16,PB1226.16 - Process Management & Reporting,Force One
PRB1226.15,PB1226.15 - Process Management (Incident/Service Catalog/Vendor Mgmt),Force One
PB1226.13,PB1226.13 - ICT Communication & Training,Force One
PB1226.2,PB1226.2 - Drive IT - ServiceNow - Subscrição,ServiceNow
PB1226.3,PB1226.3 - PMO - Gestão de Portfólio de Projetos / SharePoint / EPM,Force One
PB1227.4,PB1227.4 - GSuite - Subscription,FCA Itália
PB1227.2,PB1227.2 - PLANNING CONTRACT - COMMON SERVICES,FCA Itália
PB1227.3,PB1227.3 - AMS NO SAP COMMON SERVICES (SHAREPOINT),FCA Itália
PB1227.1,PB1227.1 - 132 -  CSC DIREZ. SVILUP. INTER,FCA Itália
PB1228.2,PB1228.2 - Fleet de Produção (on-going),Campello
PB1228.3,PB1228.3 - [FLEET] Reembolso peças e serviços Fleet Produção,Campello
PB1229.2,PB1229.2 - [ZEBRA] Manutenção de Hardware Montagem Final (General South),Zebra
PB1229.1,PB1229.1 - [ZEBRA] Manutenção de Hardware Funilaria (Body Shop),Zebra
PB1230.1,PB1230.1 - [ME] Manutenções Evolutivas - Manufacturing,IBM e Diversos
PB1231.19,PB1231.19 - [LICENSE] Plant Simulation,Siemens
PB1231.18,PB1231.18 - [LICENSE] Maintenance Line Designer,Siemens
PB1231.17,PB1231.17 - [LICENSE] Maintenance STAR CCM,Siemens
PB1231.16,PB1231.16 - [LICENSE] Maintenance Dashboard (rollout EMEA),
PB1231.2,PB1231.2 - [LICENSE] Maintenance OSS JDA,JDA
PB1231.3,PB1231.3 - [LICENSE] Maintenance TCM / NX / Process (Manufacturing),Siemens
PB1231.4,PB1231.4 - [LICENSE] Maintenance TICON,Deutsche MTM
PB1231.5,PB1231.5 - [LICENSE] Maintenance SW AutoCAD / Autodesk,MapData Tecnologia Inf. e Com. Ltda
PB1231.6,PB1231.6 - [LICENSE] Maintenance TrakSYS - Powertrain,HSI
PB1231.7,PB1231.7 - [LICENSE] Maintenance SW Zebra Funilaria (Body Shop),Zebra
PB1231.8,PB1231.8 - [LICENSE] Maintenance SW Zebra Montagem Final (General South),Zebra
PB1231.9,PB1231.9 - [LICENSE] Maintenance Charon-AXP/ES40,Solveit
PB1231.10,PB1231.10 - [LICENSE] Maintenance Catia V5 - Hybrid Design 2,Dassault
PB1231.11,PB1231.11 - [LICENSE] Maintenance Eplan Electric P8,EPLAN
PB1231.12,PB1231.12 - [LICENSE] Maintenance Citrix,EDP4YOU S.R.L
PB1231.13,PB1231.13 - [LICENSE] Maintenance Autodesk / Autocad,MapData Tecnologia Inf. e Com. Ltda
PB1231.14,PB1231.14 - [LICENSE] PamStamp - Dies feasibility,ESI Group
PB1231.15,PB1231.15 - [LICENSE] Maintenance Eplan Electric P8 - complementar,EPLAN
PB1231.1,PB1231.1 - [LICENSE] Maintenance TCM / NX / Process (Manufacturing) - complementar,Siemens
PB1232.18,PB1232.18 - QDAS Extended Support,
PB1232.2,PB1232.2 - [SRS / PMS / SACM / SIC] AMS,Reply
PB1232.3,PB1232.3 - [OSS] AMS Order Slotting - LATAM,Accenture
PB1232.4,PB1232.4 - [CW] PLS - Color Wheel System,Engineering do Brasil
PB1232.5,PB1232.5 - [UTE] PLS Ute Digital Brasil (On Site),Engineering do Brasil
PB1232.6,PB1232.6 - [WCM FI] AMS - Focused Improvement (1 SR / 1 PL),Reply
PB1232.7,PB1232.7 - [TCM] AMS - PLM,Stefanini
PB1232.8,PB1232.8 - [imSystem] AMS - Perdas Prod. Mão de Obra,Fator M Sistemas
PB1232.9,PB1232.9 - [EJIT] AMS Sistema web de chamada de materiais JIS/JIT,IBM
PB1232.10,PB1232.10 - [TRAKSYS] AMS - Serviços de Suporte Customizados (CSS) Traksys Powertrain,HSI
PB1232.11,PB1232.11 - [SGF] AMS - Sistema de Gestão de Ferramentas,GTCON
PB1232.12,PB1232.12 - [SIMCA] AMS Gestão de Resíduos,Lumiar Soft
PB1232.13,PB1232.13 - [TCM] Gestão de Workstation (Parte Industrial),IBM
PB1232.14,PB1232.14 - [TCM] AMS CAD/PLM (Parte Industrial),IBM
PB1232.15,PB1232.15 - [TCM] Suporte on site Teamcenter (Parte Industrial),IBM
PB1232.16,PB1232.16 - [PLS] Suporte On Site para HW de linha,IBM
PB1232.17,PB1232.17 - Suporte On Site Funilaria,Engineering do Brasil
PB1232.1,PB1232.1 - [PLS] - Solução SRFCA Torque,Reply
PB1233.2,PB1233.2 - AMS Sistemi di automazione,FCA Itália
PB1233.3,PB1233.3 - SGPP- SISTEMA GESTIONE PROD PRESSE (MES),FCA Itália
PB1233.4,PB1233.4 - (LVCOP) LV-COP-2002,FCA Itália
PB1233.5,PB1233.5 - (POINT) PROGRAM.ORDINI INTEGR.CONTROLLO,FCA Itália
PB1233.6,PB1233.6 - (MANENG) MANTENIMENTO MANUFACTURING ENGI,FCA Itália
PB1233.7,PB1233.7 - AUTOMAZIONE INTEGRATA,FCA Itália
PB1233.8,PB1233.8 - I.I.S. PRESS SHOPS & TOOLS,FCA Itália
PB1233.9,PB1233.9 - License SGPP- SISTEMA GESTIONE PROD PRESSE (MES),FCA Itália
PB1233.10,PB1233.10 - S.I.I. PER MANUFACTURING ENGINEERING,FCA Itália
PB1233.11,PB1233.11 - (MANENG-TICON) MANTENIMENTO INFRASTR TIC,FCA Itália
PB1233.12,PB1233.12 - APM Services for LATAM,FCA Itália
PB1233.13,PB1233.13 - Internal Resources - ASSEMBLY_MFG,FCA Itália
PB1233.14,PB1233.14 - Internal Resources - ASSEMBLY_MFG ENG,FCA Itália
PB1233.15,PB1233.15 - Internal Resources - INDUSTRY 4.0,FCA Itália
PB1233.16,PB1233.16 - Costi running WCM Tools,FCA Itália
PB1233.17,PB1233.17 - QDAS  - QSTAT Support,FCA Itália
PB1233.18,PB1233.18 - E&T - EMEA/LATAM/APAC - Supporto stabilimenti,FCA Itália
PB1233.19,PB1233.19 - License QDAS  - QSTAT Support,FCA Itália
PB1233.20,PB1233.20 - SUPPORTO ON SITE ME,FCA Itália
PB1233.21,PB1233.21 - (MANENG-TICON) MANTENIMENTO INFRASTR TIC,FCA Itália
PB1233.22,PB1233.22 - (WEB-TRIMM) DECISION SUPP.SYSTEM E REPOS,FCA Itália
PB1233.23,PB1233.23 - S.I.I. PER WEB MANUFACTURING,FCA Itália
PB1233.24,PB1233.24 - Costi running WCM Tools,FCA Itália
PB1233.1,PB1233.1 - (MANENG) MANTENIMENTO MANUFACTURING ENGI,FCA Itália
PB1234.1,PB1234.1 - Espaider Cível - Manutenções Evolutivas,Fácil Informática
PB1235.1,PB1235.1 - Manutenção Software Espaider Cível,Fácil Informática
PB1236.1,PB1236.1 - Digitalização de Documentos Juridico (DocSite),
PB1237.1,PB1237.1 - [ME] Manutenções Evolutivas - Qualidade,IBM e Diversos
PB1238.2,PB1238.2 - Manutenção SAS Market Indicator Analysis,SAS Institute
PB1238.1,PB1238.1 - Manutenção Software Autolab Gestão de laboratórios,Atseven
PB1239.2,PB1239.2 - Serviços Quality R3,Reply
PB1239.3,PB1239.3 - Serviços Quality Development,Reply
PB1239.4,PB1239.4 - Serviços HD1 e HD2,Reply
PB1239.5,PB1239.5 - AMS QDA9 - Calibration Tools Faasa,ASI Datamyte
PB1239.1,PB1239.1 - AMS QDA9 - Calibration Tools,ASI Datamyte
PB1240.2,PB1240.2 - EXTENDED TRACEABILITY,FCA Itália
PB1240.3,PB1240.3 - System Tracking / CF2,FCA Itália
PB1240.4,PB1240.4 - ICT per QUALITY,FCA Itália
PB1240.5,PB1240.5 - CUPS - Customer Product System,FCA Itália
PB1240.6,PB1240.6 - Gestione Yardhold,FCA Itália
PB1240.7,PB1240.7 - PROCESS AUDIT,FCA Itália
PB1240.8,PB1240.8 - METROLOGIC CENTER,FCA Itália
PB1240.9,PB1240.9 - Fast-Failures Traceability,FCA Itália
PB1240.10,PB1240.10 - Fast-Failures Traceability,FCA Itália
PB1240.11,PB1240.11 - QA MATRIX,FCA Itália
PB1240.12,PB1240.12 - EXTENDED TRACEABILITY,FCA Itália
PB1240.13,PB1240.13 - Supporto SQ stabilimenti,FCA Itália
PB1240.14,PB1240.14 - System Tracking / CF2,FCA Itália
PB1240.15,PB1240.15 - [AMS] Control Plan Management System,FCA Itália
PB1240.16,PB1240.16 - EXTENDED TRACEABILITY XMT,FCA Itália
PB1240.17,PB1240.17 - Quality Reporting Qliqview,FCA Itália
PB1240.18,PB1240.18 - Quality Reporting Qliqview,FCA Itália
PB1240.1,PB1240.1 - [AMS] Readiness Management System,FCA Itália
PB1241.2,PB1241.2 - Manutenção Dispositivo de Controle de Ponto e Acesso,CH Tecnologia
PB1241.3,PB1241.3 - Peças de Reposição Dispositivo de Controle de Ponto e Acesso,CH Tecnologia
PB1241.1,PB1241.1 - Manutenção Dispositivo de Controle de Ponto e Acesso - Berrini,CH Tecnologia
PB1242.2,PB1242.2 - Manutenções Evolutivas extra Budget  (Transferência Verba),IBM e Diversos
PB1242.1,PB1242.1 - Manutenções Evolutivas,IBM e Diversos
PB1243.2,PB1243.2 -  Manutenção Software VetorH,Sênior
PB1244.2,PB1244.2 - AMS VetorH,Sênior
PB1244.3,PB1244.3 - Manutenção Interativa,BHTEC
PB1244.15,PB1244.15 - AMS App B2E,Avenue Code
PB1244.16,PB1244.16 - AMS VetorH incremento novo rateio COMAU,Senior
PB1244.17,PB1244.17 - Senior - Atualização de Versão VetorRH,Senior
PB1245.1,PB1245.1 - (SAPHR) NEW SAP HR SYSTEM,FCA Itália
PB1247.1,PB1247.1 - Manutenções Evolutivas,IBM e Diversos
PB1248.3,PB1248.3 - Manutenção Software ENGEMAN,EAM Sistemas
PB1248.4,PB1248.4 - Manutenção Software PowerDesigner (Ferramenta Case),SAP
PB1249.80,PB1249.80 - AMS IRF Track & Trace,
PB1249.79,PB1249.79 - AMS MRP,Accenture
PB1249.78,PB1249.78 - OBT Suporte 1º Nivel Brasil (7x24),Reply
PB1249.77,PB1249.77 - Serviços RTM,Squadra
PB1249.76,PB1249.76 - Serviços EDI,Reply
PB1249.75,PB1249.75 - Serviços SAP - MM,Reply
PB1249.74,PB1249.74 - Serviços SAP - SD,Reply
PB1249.4,PB1249.4 - Serviços de Transmissão de arquivos CAD (Projeto e-supply),DI2S
PB1249.6,PB1249.6 - AMS Stars and eleen,TCS
PB1249.8,PB1249.8 - Outbound Logistics Trama - Gestão Mensal (OBT),Reply
PB1249.9,PB1249.9 - Serviços de Transmissão de arquivos CAD - FAASA,DI2S
PB1249.12,PB1249.12 - Serviços PAB + Damage,Reply
PB1249.13,PB1249.13 - Sped - DW Logistico - Gestao Mensal - Suporte local,TBD
PB1249.22,"PB1249.22 - Elog Argentina novos modulos (CT, SIM, CMS)",IBM
PB1249.23,PB1249.23 - Yard Truck Management,Reply
PB1249.24,PB1249.24 - Sicad SAP,Accenture
PB1249.40,PB1249.40 - Suporte a Informática (Supply Chain),RVC
PB1249.48,PB1249.48 - Transmissão de Arquivos CAD,DI2S
PB1249.73,PB1249.73 - Suporte a Informática (Supply Chain) - complementar,RVC
PB1250.2,PB1250.2 - CONTAINER MANAGEMENT,FCA Itália
PB1250.3,PB1250.3 - (DBP-NEW) MANUTENZIONE NUOVA DISTINTA BA,FCA Itália
PB1250.4,PB1250.4 - SC - LOG. SYSTEM - CDC9337,FCA Itália
PB1250.5,PB1250.5 - (LPSA) ALLOCAZIONE ORDINI SUD AMERICA,FCA Itália
PB1250.6,PB1250.6 - (POMIX ) PO-MIX,FCA Itália
PB1250.7,PB1250.7 - INTER REGIONAL FLOW METRICS,FCA Itália
PB1250.8,PB1250.8 - (RMD-AL) RIFORNIM.AMERICA LATINA,FCA Itália
PB1250.9,PB1250.9 - IRF - Inter-Regional Flows,FCA Itália
PB1250.10,PB1250.10 - Nuovo sistema Tabelle Standard,FCA Itália
PB1250.11,PB1250.11 - CONTAINER MANAGEMENT,FCA Itália
PB1250.12,PB1250.12 - RTM - Change Management System,FCA Itália
PB1250.13,PB1250.13 - INTER REGIONAL FLOW METRICS,FCA Itália
PB1250.14,PB1250.14 - (POMIX ) PO-MIX,FCA Itália
PB1250.15,PB1250.15 - Running Global Demand Planning,FCA Itália
PB1250.16,PB1250.16 - FPT - RTM,FCA Itália
PB1250.1,PB1250.1 - (PDP) PROGRAMMAZIONE DELLA PRODUZIONE,FCA Itália
PB1257.1,PB1257.1 - Manutenções Evolutivas,IBM e Diversos
PB1259.2,PB1259.2 - On-going Projetos Estratégicos ICT,
PB1261.15,PB1349.1 - License Resilient - CSIRT,IBM
PB1261.14,PB1350.1 - AMS Security Service QRADAR,IBM
PB1261.13,PB1350.2 - Suporte ITO QRADAR,IBM
PB1261.12,PB1347.1 - HW Suporte Garantia e License QRADAR,IBM
PB1261.2,PB1349.2 - Symantec EndPoint Protection,Bizmart
PB1261.3,PB1344.1 - Serviços de Suporte em Segurança ICT para SOX,Stefanini
PB1261.4,PB1344.2 - Serviços de Controle de Acesso Centralizado,Stefanini
PB1261.5,PB1343.1 - Manutenção de SW Autoseg,Vendramini
PB1261.7,PB1349.3 - Certificados Digitais para servidores Web,EXCON
PB1262.1,PB1262.1 - Recuperação Custos Argentina,FAASA
PB1263.1,PB1263.1 - SECURITY COMMON SERVICES,FCA Itália
PB1266.2,PB1266.2 - Manutenção software IBM - Cognos e DataStage,IBM
PB1266.3,PB1266.3 - Manutenção software Suite Qlikview,Toccato
PB1266.4,PB1266.4 - Subscrição IBM Planning Analytics,Ingram / IBM
PB1267.4,PB1267.4 - Serviços BI Analytics/Planning,Force One
PB1267.2,PB1267.2 - Serviços Data Science,TBD
PB1267.3,PB1267.3 - Suporte e Manutenção de aplicações BI,Core Synesis
PB1267.1,PB1267.1 - Analista de BI Cognos Qlikview,Force One
PB1268.2,PB1268.2 - GESTIONE BI,FCA Itália
PB1268.3,PB1268.3 - (DWHA) DATAWAREHOUSE AZIENDALE,FCA Itália
PB1268.4,PB1268.4 - GESTIONE BI,FCA Itália
PB1268.1,PB1268.1 - (DWHA) DATAWAREHOUSE AZIENDALE,FCA Itália
PB1269.1,PB1269.1 - Manutenção Hardware (p770),IBM
PB1270.1,PB1270.1 - AMS SAP - Extra Plafond,Accenture
PB1271.1,PB1271.1 - Manutenção de Licenças SAP,SAP
PB1272.2,PB1272.2 - AMS SAP - Accenture,Accenture
PB1272.6,PB1272.6 - Serviços SAP - MM / MM-IV,Force One
PB1272.7,PB1272.7 - AMS SAP - Plantões diversos,Accenture
PB1272.9,PB1272.9 - AMS SAP - Accenture - Adicional Revenue Cycle,Accenture
PB1272.10,PB1272.10 - Gestão Mensal do Conector SAP para NFe,Invoiceware Consultoria e Desenvolvimento Ltda.
PB1272.17,PB1272.17 - Serviços SAP - Modulo SD,
PB1273.1,PB1273.1 - Recuperação Custos Iveco,IVECO
PB1274.2,PB1274.2 - SAPiens - AMS FIASA,FCA Itália
PB1274.3,PB1274.3 - INFRASTRUTTURA SAPIENS,FCA Itália
PB1274.4,PB1274.4 - SAP Solution Manager,FCA Itália
PB1274.1,PB1274.1 - INFRASTRUTTURA SAPIENS,FCA Itália
PB1275.2,PB1275.2 - Licenças Microsoft (2017 a 2019),Brasoftware
PB1276.2,PB1276.2 - Field Services,Stefanini
PB1276.3,PB1276.3 - IMAC (Install PC),Stefanini
PB1277.2,PB1277.2 - Service Desk,Stefanini
PB1278.2,PB1278.2 - 132 - EMAIL DIREZIONE SVILUPPI INTERNAZ.,FCA Itália
PB1278.3,PB1278.3 - EUS COMMON SERVICES,FCA Itália
PB1278.4,PB1278.4 - ICT EXECUTIVE SUPPORT,
PB1278.1,PB1278.1 - ICT EXTENDED SUPPORT,FCA Itália
PB1279.10,PB1279.10 - Gestão de Rádio Comunicador,
PB1279.9,PB1279.9 - Gestão VOIP Cisco,
PB1279.2,PB1279.2 - Gestão de Telefonia - Voz e PABX,BT
PB1279.3,PB1279.3 - Serviços de Telecom,Force One
PB1279.4,PB1279.4 - Suporte e Manutenção equipamentos de Telefonia,Unify
PB1279.5,PB1279.5 - Aluguel de PABX Berrini e Louveira,Level 3
PB1279.6,PB1279.6 - Serviços Instalação,Diversos
PB1279.7,PB1279.7 - Gestão Voip Regionais CJDR,
PB1279.8,PB1279.8 - Suporte a Informática (Telecom) 2,Force One
PB1279.1,PB1279.1 - Suporte e Manutenção equipamentos de Telefonia - complementar,Unify
PB1280.2,PB1280.2 - Internet Betim - Upgrade Link para 200Mbps Primário,BT
PB1280.3,PB1280.3 - Link Internet Hortolândia 2x300 Mbps (Rateio FCA),BT
PB1280.4,PB1280.4 - Renovação Anual Domínios Internet,NIC.BR
PB1280.1,PB1280.1 - Internet Betim 200 Mbps - Acesso e Gestão secundário,BT
PB1281.2,PB1281.2 - Telefonia Móvel SG&A,Vivo
PB1281.3,PB1281.3 - Telefonia Fixa SG&A 0800,Diversos
PB1281.4,PB1281.4 - Telefonia Fixa SG&A,Diversos
PB1281.5,PB1281.5 - Minutos para Sala de MEETME SG&A,BT
PB1281.1,PB1281.1 - Ligação telefonica para o suporte AMS SAP HR da Accenture em Bucareste (Romênia),BT
PB1282.2,PB1282.2 - Gestão Mensal Telepresense - TPs e VDCs  - Smartnet,BT
PB1282.3,PB1282.3 - Gestão Mensal Telepresense - TPs e VDCs  - Técnico Residente,BT
PB1282.4,PB1282.4 - Leasing Telepresense,BT
PB1282.1,PB1282.1 - Gestão Modulo de TP para CPE,BT
PB1283.2,PB1283.2 - Links MPLS,BT
PB1283.3,PB1283.3 - Disaster Recovery - Links por Fibra Apagada com DWDM,BT
PB1283.4,PB1283.4 - Link - Funchal Berrini Upgrade,BT
PB1283.5,PB1283.5 - Disaster Recovery - Links L2L Replica Betim Horto,BT
PB1283.6,PB1283.6 - Link - Louveira,BT
PB1283.7,PB1283.7 - Link Pátio Externo Igarapé - Acesso 2 Mbps,BT
PB1283.8,PB1283.8 - Link Banco Fidis - Serviços de dados - regionais,Embratel / GVT / Banco Fidis / OI
PB1283.9,PB1283.9 - Disaster Recovery - Links Tutóia 6 Mbps,BT
PB1283.10,PB1283.10 - Link Mondial 1 Mbps,BT
PB1283.11,PB1283.11 - Links MPLS Warehouse Hortolândia,BT
PB1283.12,PB1283.12 - Link - Cloud Direct Connect,BT
PB1283.1,PB1283.1 - Links MPLS - complementar,BT
PB1286.1,PB1286.1 - AMS GIM,Chrysler
PB1287.2,PB1287.2 - AMS Max Attention,FCA Item
PB1287.3,PB1287.3 - AMS SAP - FCA Item - CDE Finance,FCA Item
PB1287.4,PB1287.4 - SAP Credit Management / SAP Treasury and Risk Mgmt,FCA Item
PB1287.5,PB1287.5 - AMS NWPM,FCA Item
PB1287.6,PB1287.6 - Manutenzione SAP anno 2017  (EX LIC comau) -,FCA Item
PB1287.7,PB1287.7 - AMS Sonar,FCA Item
PB1287.8,PB1287.8 - Manutenzione Licenze SAP,FCA Item
PB1287.1,PB1287.1 - SAP Special User Dealer (800 licenças),FCA Item
PB1289.1,PB1289.1 - Manutenções Evolutivas (Mopar),IBM e Diversos
PB1290.5,PB1290.5 - Manutenção Licenças Siebel - Dealers Argentina,Oracle
PB1290.2,PB1290.2 - Manutenção Licenças Siebel,Oracle
PB1290.4,PB1290.4 - Cisco Webex - assistêntia técnica remota WiTech,Arkadin
PB1291.29,PB1291.29 - AMS Click Mopar,Reply
PB1291.2,PB1291.2 - AMS Siebel,Tata Consultancy
PB1291.3,PB1291.3 - Suporte AMS DWH e BA do CSPS,Accenture
PB1291.4,PB1291.4 - Suporte AMS BPC,Techedge
PB1291.7,PB1291.7 - Contratação AMS local  - Integração Logistica,Force One
PB1291.9,PB1291.9 - AMS INFOTEC,Star Comunicação
PB1291.10,PB1291.10 - AMS 2º Turno - MOPAR,Techedge
PB1292.2,PB1292.2 - SPARE PARTS & REPAIR SERVICES,FCA Itália
PB1292.3,PB1292.3 - (CATALOGHI) CATALOGHI RICAMBI,FCA Itália
PB1292.4,PB1292.4 - ESIGI++ - GESTIONE GARANZIA,FCA Itália
PB1292.5,PB1292.5 - SPARE PARTS & REPAIR SERVICES,FCA Itália
PB1292.1,PB1292.1 - SIGI - SIGI HOST GESTIONE GARANZIA,FCA Itália
PB1294.2,PB1294.2 - HFM - Niagara - Adicional AMS - Central Back office e Infraestrutura,FCA Item
PB1294.3,PB1294.3 - ART&MIS - AR (Account Reconciliation) Blackline,FCA Item
PB1294.4,PB1294.4 - ART&MIS - Manual Journal Entry,FCA Item
PB1294.1,PB1294.1 - Suporte Aplicativo WorkIva,FCA Item
PB1296.2,PB1296.2 - MB-Sharc + ARCO + HATS + W-Hands (Pcte Ergonomia CRF),Centro Ricerche Fiat
PB1296.3,PB1296.3 - PDP - Part Development Plan,Chrysler
PB1296.4,PB1296.4 - SW JACK / VEEP,Centro Ricerche Fiat
PB1296.5,PB1296.5 - GCS - Global Cost System,Chrysler
PB1296.6,PB1296.6 - Manutenção anual software VDI,FCA Item
PB1296.7,PB1296.7 - Ispeed,Chrysler
PB1296.8,PB1296.8 - CRF - SW Veiprod,Centro Ricerche Fiat
PB1296.9,PB1296.9 - Manutenção SW ISOCAD (Engrenagens),Centro Ricerche Fiat
PB1296.1,PB1296.1 - ABITA 2000 (Ergonomia),Centro Ricerche Fiat
PB1298.2,PB1298.2 - [OSS] ITO Servers / Infra OSS - FCA Betim 60%,Chrysler
PB1298.3,PB1298.3 - U-Connect  - Cybersecurity Industrial,Chrysler
PB1298.4,PB1298.4 - [OSS] ICT Governance - FCA Betim 60%,Chrysler
PB1298.5,PB1298.5 - [SPARC] ProcessMap - Running,FCA Item
PB1298.1,PB1298.1 - [SAD] AMS Sistema SAD,FCA Item
PB1300.2,PB1300.2 - Capman,FCA Item
PB1300.1,PB1300.1 - Capman - AMS Parts Sourcing & Capacity Management,FCA Item
PB1301.2,PB1301.2 - GP/Analista de Negócios Business Development,
PB1301.1,PB1301.1 - Manutenção site Portal Inovar Auto,
PB1302.1,PB1352.1 - Global PKI Cybersecurity,Chrysler
PB1304.2,PB1304.2 - Suporte Executivo e Suporte TP (Betim),Stefanini
PB1304.3,"PB1304.3 - Suporte a Eventos, Manutenção de Salas de Reunião, ITSC e Manutenções Gerais",Diversos
PB1304.4,PB1304.4 - Suporte Executivo - Audiovisual,Stefanini
PB1304.5,PB1304.5 - Suporte Executivo (SP),Stefanini
PB1304.1,PB1304.1 - Suporte FCA Educacional,Stefanini
PB1305.2,PB1305.2 - Impressão de Nfe,Lexmark
PB1305.3,PB1305.3 - Impressão de Contra-cheque,Xerox
PB1306.4,PB1306.4 - MDM - Licensing Growth and Support,FCA Item
PB1306.2,PB1306.2 - MDM (Wombat + Airwatch) - Licensing and Support,FCA Item
PB1306.3,PB1306.3 - Manutenção Kontik,FCA Item
PB1306.1,PB1306.1 - Manutenção Minitab,FCA Item
PB1307.12,PB1307.12 - Cabling - Gestão,BT
PB1307.2,PB1307.2 - Gestão de Rede LAN,N&C
PB1307.3,PB1307.3 - Suporte Equipamentos Cisco LAN - Smartnet,IBM
PB1307.4,PB1307.4 - Proximity de LAN,N&C
PB1307.5,PB1307.5 - Gestão LAN DC Hortolândia,IBM
PB1307.7,PB1307.7 - Cabling - Setup,N&C
PB1307.8,PB1307.8 - Gestão de Rede LAN Chrysler,N&C
PB1307.9,PB1307.9 - N&C - Serviço de Transição LAN,N&C
PB1307.10,PB1307.10 - N&C - Gestão de Rede LAN - True up,N&C
PB1307.11,PB1307.11 - Suporte Equipamentos Cisco LAN - Smartnet - complementar,IBM
PB1307.13,PB1350.5 - CFTV Gestão de Câmeras,N&C
PB1307.1,PB1307.1 - Gestão switches-Wifi Rio de Janeiro Adicional,N&C
PB1308.2,PB1308.2 - Gestão Mensal Telepresense - TPs e VDCs - Itália,FCA Item
PB1308.3,PB1308.3 - Global Networking Program,FCA Item
PB1308.1,PB1308.1 - FCMS internet dedicated link,FCA Item
PB1309.2,PB1309.2 - Manutenção Licenças BPC,FCA Item
PB1309.3,PB1309.3 - Manutenção anual software VDI,FCA Item
PB1309.1,PB1309.1 - Manutenzione Licenze Oracle FCA Brasil,FCA Item
PB1310.1,PB1310.1 - Serviços Proximity/Facilities (DC Betim),NPO
PB1311.1,PB1311.1 - Facilities (DC Hortolândia),IBM
PB1312.10,"PB1312.10 - Manutenção HW Power IBM - SAP, SAP DR and TCAE",IBM
PB1312.2,PB1312.2 - Manutenção Storage/Backup EMC,EMC
PB1312.3,PB1312.3 - Manutenção HW RADWARE,IBM
PB1312.4,PB1312.4 - Manutenção HW Servidores HP,HP
PB1312.5,PB1347.2 - Manutenção HW VPN,IBM
PB1312.7,PB1312.7 - Manutenção HW Servidores Esc. Regionais,Lenovo
PB1312.8,PB1312.8 - Manutenção HW Servidores CISCO,IBM
PB1312.9,PB1312.9 - Manutenção HW Pseries SAP e TCAE,IBM
PB1312.1,PB1347.3 - Manutenção HW Proxy,IBM
PB1313.2,PB1313.2 - Manutenção de SW - Microsoft,Brasoftware
PB1313.4,PB1313.4 - Manutençao de SW - VMware,Westcon
PB1313.5,PB1313.5 - Manutenção de SW - Databases and Exalytics - Oracle,Oracle
PB1313.6,PB1313.6 - Manutenção de SW - Linux (redhat),IT-One
PB1313.10,PB1313.10 - Manutenção de SW - WebSphere,IBM
PB1313.11,PB1313.11 - Manutenção de SW - Spazio + Orchestration,Primeur
PB1313.1,PB1349.4 - Manutenção de SW - Internet Proxy,IBM
PB1314.25,PB1314.25 - Suporte API,
PB1314.24,PB1314.24 - Suporte 24x7 Spazio,Primeur
PB1314.23,PB1314.23 - Suporte SAP Basis,Techedge
PB1314.2,PB1314.2 - Gestão ITO IBM GITO,IBM
PB1314.3,PB1314.3 - Gestão ITO IBM Betim - MISA,IBM
PB1314.4,PB1314.4 - Disaster Recovery (Global ITO),IBM
PB1314.5,PB1314.5 - Disaster Recovery (Collocation Ativas),Ativas
PB1314.6,PB1314.6 - Disaster Recovery (Manufacturing ITO),IBM
PB1314.9,PB1314.9 - Ambiente histórico contabil e fiscal,T-Systems
PB1314.12,PB1350.3 - Suporte ITO VPN,IBM
PB1314.13,PB1314.13 - Suporte e manutenção software - CA Workload,Capgemini
PB1314.16,PB1314.16 - Manutenção e Operação do sistema de monitoração de câmeras de segurança,
PB1314.20,PB1314.20 - Suporte e manutenção software - Charon,IBM
PB1314.1,PB1350.4 - Suporte ITO Proxy,IBM
PB1315.2,PB1315.2 - Suporte Técnico  (Suporte Premier + MCS Microsoft e outros),Microsoft
PB1315.1,PB1315.1 - Serviços Instalação Elétrica e Construção,Diversos
PB1316.1,PB1316.1 - Mips IBM (capacidade),IBM
PB1317.2,PB1317.2 - INFRASTRUCTURAL COMMON SERVICES,FCA Itália
PB1317.3,PB1317.3 - 132 - Auth. Services DIREZIONE SVILUPPI INTERNAZ.,FCA Itália
PB1317.4,PB1317.4 - Governane Global ITO,FCA Itália
PB1317.5,"PB1317.5 - Licenses, HW, Management and Governance Infrastructure",FCA Itália
PB1317.6,"PB1317.6 - HW, Management and Governance Network",FCA Itália
PB1317.7,"PB1317.7 - Licenses, HW, Management and Governance Infrastructure",FCA Itália
PB1317.8,PB1317.8 - (ex P11963) INTRANET F.A. SHAREPOINT’,FCA Itália
PB1317.9,PB1317.9 - (H-IBM) SOTTOSIST SUPP HOST IBM ExP10417,FCA Itália
PB1317.1,PB1317.1 - (ex P11963) INTRANET F.A. SHAREPOINT’,FCA Itália
PB1318.2,PB1318.2 - Manutenzione Licenze Oracle FCA Brasil,FCA Item
PB1319.1,PB1319.1 - Manutenção de devices e Hw digital diversos,TBD
PB1320.1,PB1320.1 - Manutenção L3C,Stefanini
PB1321.2,PB1321.2 - Manutenção Licenças SW DevOps,NPO
PB1321.1,PB1321.1 - Manutenção Licenças SW Appcelerator,FourSys
PB1322.15,PB1322.15 - AMS Roadmap Digital,
PB1322.2,PB1322.2 - AMS L3C,Stefanini
PB1322.3,PB1322.3 - On-going projetos estratégicos (Squad Apps),Force One
PB1322.4,PB1322.4 - Amazon AWS - Platform as a Service (Cloud),NPO
PB1322.5,PB1322.5 - Serviços de Integração de Dados,Vetta
PB1322.6,PB1322.6 - Serviços de Automação/IoT,Squadra
PB1322.7,PB1322.7 - AMS Aplicações Digital,Avenue Code
PB1322.8,PB1322.8 - Serviços DevOps,Force One
PB1322.12,PB1322.12 - IBM BlueMix - Platform as a Service (Cloud),TBD
PB1322.16,PB1322.16 - On-going projetos estratégicos (Squad Chatbot),TAKE
PB1323.1,PB1323.1 - Forecast 1+11 - consuntivo,Consuntivo
PB1325.2,PB1325.2 - Impressão de Escritório,Xerox
PB1325.3,PB1325.3 - Impressão de Grandes Formatos,Xerox
PB1326.1,PB1326.1 - Transferência SG&A - Engenharia,
PB1327.1,PB1327.1 - Transferência SG&A - Industrial,
PB1328.2,PB1328.2 - Manutenção de licenças Voip/SIP e ramais (novos colaboradores),Level 3
PB1328.1,PB1328.1 - Manutenção de licenças Voip em Regionais,British Telecom
PB1330.1,PB1330.1 - Leasing de computadores 2017/1,HP Financial
PB1331.2,PB1331.2 - Gestão ITO IBM GITO - Engenharia (Team Center),IBM
PB1331.3,PB1331.3 - Gestão ITO IBM Betim - MISA Engenharia (Storage),IBM
PB1331.4,PB1331.4 - Gestão ITO IBM BT Codep Feeding,IBM
PB1331.1,PB1331.1 - VM MATLAB,IBM
PB1332.2,PB1332.2 - Gestão ITO IBM Betim - MISA Industrial,IBM
PB1332.3,PB1332.3 - [POINT] Gestão Proximity Point,NPO
PB1504.1,PB1504.1 - PRODUCT COSTING AMS FIASA/FAASA,FCA Itália
PB1506.1,PB1506.1 - Manutenções Evolutivas,IBM e Diversos
PB1508.1,PB1508.1 - Pernambuco Comercial AMS,IBM e Diversos
PB1519.1,"PB1519.1 - Despesas Diversas ICT (clima, RH e outros)",
PB1520.1,PB1520.1 - ICT Governance,FCA Participações
PB1525.1,PB1525.1 - Financial Management & Contracts,Stefanini
PB1526.2,PB1526.2 - AMS Drive IT,TCS
PB1526.1,PB1526.1 - Process Management (Demand/Enh/Change/Problem),Force One
PB1528.1,PB1528.1 - [OUTS] Fleet Management - Manufacturing Areas,Stefanini
PB1529.1,PB1529.1 - [OUTS] Thermal Printers - Garantia,HG Code
PB1531.2,PB1531.2 - [LICENSE] Maintenance OSS JDA PE,JDA
PB1531.3,PB1531.3 - [LICENSE] TCM - Team Center,Siemens
PB1531.4,PB1531.4 - [LICENSE] Atualização e Manutenção de Software do seu KEPServerEX,Exta
PB1531.5,PB1531.5 - [LICENSE] QDAS QSTAT - CP/CPK System,QDAS
PB1531.1,PB1531.1 - [LICENSE] Minitab 17 Multiple User Electronic,Minitab
PB1532.10,PB1532.2 - [PLS] NPL MES Extended Support,
PB1532.2,PB1532.2 - [PLS] AMS Produção - on site - Shift,Engineering do Brasil
PB1532.3,PB1532.3 - [AMS] GBA VT/PBS - Second level support 24x7,GBA
PB1532.4,PB1532.4 - [AMS] TCM Metodologia,Stefanini
PB1532.5,PB1532.5 - [AMS] TCM CAX,Stefanini
PB1532.6,PB1532.6 - [AMS] OSS - Local Services,Accenture
PB1532.7,"PB1532.7 - [AMS] Aplicações EHS (SIMCA, ION e SSE)",Diversos
PB1532.8,PB1532.8 - [PLS] WCM Tools - FI/CD - LATAM,Reply
PB1532.9,PB1653.2 - Incremento 3o Turno Goiana,
PB1532.1,PB1532.1 - [PLS] Quality LATAM Systems - NCT/SAD/DUP,Reply
PB1533.2,PB1533.2 - AMS MES NPL,FCA Itália
PB1533.3,PB1533.3 - AMS Licenze Siemens MES NPL(Split tecnico wbs),FCA Itália
PB1533.4,PB1533.4 - APM Services for LATAM,FCA Itália
PB1533.5,PB1533.5 - Internal resources - ASSEMBLY_MFG,FCA Itália
PB1533.6,PB1533.6 - Internal resources - ASSEMBLY_MFG ENG,FCA Itália
PB1533.7,PB1533.7 - Internal resources - INDUSTRY 4.0,FCA Itália
PB1533.8,PB1533.8 - Maintenance and Management MES Siemens,FCA Itália
PB1533.9,PB1533.9 - SGPP- SISTEMA GESTIONE PROD PRESSE (MES),
PB1533.1,PB1533.1 - SGPP- SISTEMA GESTIONE PROD PRESSE (MES),FCA Itália
PB1539.2,PB1539.2 - [AMS] Tools Caliber Management - QDA-9,Asi Datamyte
PB1539.1,PB1539.1 - [AMS] Quality PPR - Plant Process Readiness,Engineering do Brasil
PB1541.1,PB1541.1 - Manutenção de Hardware - Manutenção Codin e Catraca,Head
PB1542.1,PB1542.1 - Manutenção Evolutiva,"IBM, 4Mobile, BHTec, diversos"
PB1543.2,PB1543.2 - Licença de uso VetorH,Sênior
PB1543.1,PB1543.1 - Licença de uso VetorH - complementar,Sênior
PB1544.2,PB1544.2 - Gestão Mensal Suporte do Vetorh,Force One
PB1544.1,PB1544.1 - AMS Transporte de Pessoal,IBM
PB1546.1,PB1546.1 - Manutençao equipamentos OBT,
PB1548.2,PB1548.2 - Click WM AMS - Licenças,Reply
PB1548.1,PB1548.1 - Manutenção SW Engeman,EAM Sistemas
PB1549.2,PB1549.2 - Click WM AMS,Reply
PB1549.3,PB1549.3 - OBT Patio Pernambuco AMS,Reply
PB1549.4,PB1549.4 - OBT Patio Pernambuco - suporte devices e gates rfid AMS,T-Systems
PB1549.5,PB1549.5 - BR_SCM-Roll-out - Comunicação com fornecedor FGCM,Di2S
PB1549.6,PB1549.6 - Click WM Suporte,Reply
PB1549.7,PB1549.7 - Stars and Eleen,TCS
PB1549.8,PB1549.8 - Click T&Tra AMS,Reply
PB1549.9,PB1549.9 - Click WM AMS  - Product update,Reply
PB1549.10,PB1549.10 - SCDM para Inbound - EDI para Inbound Logistica,Di2S
PB1549.11,PB1549.11 - Novas Aplicações IBM - AMS (PAB e Stock Analysis),IBM
PB1549.12,PB1549.12 - OBT Suporte 1º Nivel Brasil (7x24),Reply
PB1549.13,PB1549.13 - Elog CL/CM/JIT/Scheda AMS,IBM
PB1549.1,PB1549.1 - Suporte revisão de processos logísticos,Reply
PB1557.1,PB1557.1 - Manutenções Evolutivas ICT,Diversos
PB1559.2,PB1559.2 - On-going Projetos Estratégicos ICT PE,Diversos
PB1559.1,PB1559.1 - Suporte Técnico Bilingue,Stefanini
PB1566.2,PB1566.2 - Licenças BI - Cognos - Advanced Business Author,IBM
PB1566.1,PB1566.1 - Licenças BI - Qlikview - Named,QlikTech
PB1567.1,PB1567.1 - Brain - Ongoing manutenção aplicações,Tata Consultancy
PB1570.2,"PB1570.2 - SAP - RT -  Projetos, Evolutivas Globais e Kernel",Accenture
PB1570.3,PB1570.3 - SAP - RT -  Manutenção de bibliotecas e automatização,Accenture
PB1570.4,PB1570.4 - SAP - RT -  Manutenções Evolutivas Locais,Accenture
PB1570.1,PB1570.1 - AMS SAP - Extra Plafond,Accenture
PB1572.2,PB1572.2 - AMS SAP - Manutenção corretiva e suporte + Adicional Escopo Área Comercial,Accenture
PB1572.3,PB1572.3 - AMS SAP - Accenture - Adicional AR Full,Accenture
PB1572.4,PB1572.4 - AMS SAP - Plantões diversos,Accenture
PB1572.5,PB1572.5 - SAP - Monitoramento Interfaces (AMS),IBM
PB1572.1,PB1572.1 - AMS SAP - Suporte FCC local,Accenture
PB1575.2,PB1575.2 - Licenças Microsoft (2017 a 2019),Brasoftware
PB1576.2,PB1576.2 - Field Services,Stefanini
PB1576.3,PB1576.3 - Mobile Services,BT
PB1576.1,PB1576.1 - IMAC (Install PC),Stefanini
PB1577.1,PB1577.1 - Service Desk,Stefanini
PB1579.2,PB1579.2 - Técnico Residente BT,BT
PB1579.3,"PB1579.3 - Gestão Telefonia, Cabeamento, Radio, CFTV e TEM",
PB1579.4,PB1579.4 - Manutenções Diversas - Serviços Instalação Elétrica e Construção,
PB1579.1,"PB1579.1 - Central telefônica, aparelhos e interface celular",
PB1581.2,PB1581.2 - Telefonia Móvel SG&A,Vivo
PB1581.3,PB1581.3 - Despesas Telefonia Fixa SG&A,Oi (Telemar)
PB1581.1,PB1581.1 - Despesas Meetme SG&A,BT
PB1582.2,PB1582.2 - Smartnet de Telepresença - TPs e VDCs  - Smartnet,BT
PB1582.3,PB1582.3 - Gestão Mensal Telepresense - TPs e VDCs  - Técnico Residente,BT
PB1583.2,PB1583.2 - WAN - Link Goiana Planta - MPLS,BT
PB1583.1,PB1583.1 - WAN - Link Filial Aço,BT
PB1586.2,PB1586.2 - [AMS] SQP - Supplier Quality Performance System,FGP
PB1586.1,PB1586.1 - [AMS] Quality Issues Management - GIM/IDS/E-CIMS,Chrysler
PB1589.1,PB1589.1 - Manutenções Evolutivas (Custom Shop e Armazém P&A - Jeep/CJDR),"Reply, Accenture, Techedeg, IBM"
PB1590.1,PB1590.1 - Update Licenças Click Spare Parts (Armazens P&A),Reply
PB1591.2,PB1591.2 - Suporte AMS Práticas Mopar,Reply
PB1598.2,PB1598.2 - [OSS] ITO Servers / Infra OSS  - FCA Pernambuco 30%,Chrysler
PB1598.1,PB1598.1 - [OSS] ICT Governance - FCA Pernambuco 30%,Chrysler
PB1604.1,PB1604.1 - ART&MIS - AR (Account Reconciliation) Blackline,FCA Item
PB1605.02,PB1605.2 - Impressão de Contra-cheque,Xerox
PB1605.1,PB1605.1 - Serviço de Impressão Sob Demanda - Nfe,Lexmark
PB1607.2,PB1607.2 - LAN - Manutenção / Suporte - Cisco Smartnet,IBM
PB1607.3,PB1607.3 - N&C - Gestão de Rede LAN,N&C
PB1607.4,PB1607.4 - N&C - Proximity de LAN,N&C
PB1607.5,PB1607.5 - Cabling - Gestão,BT
PB1607.6,PB1607.6 - Cabling - Setup,N&C
PB1607.7,PB1650.2 - CFTV Gestão,N&C
PB1607.1,PB1607.1 - LAN ITO + True-up (complementar),N&C
PB1608.2,PB1608.2 - Gestão Mensal Telepresense - TPs e VDCs - Itália,FCA Item
PB1608.1,PB1608.1 - Gestão Mensal Telepresense - TPs e VDCs - Itália - complementar,FCA Item
PB1612.2,PB1612.2 - Manutenção de HW - Storage e backup,EMC
PB1612.1,PB1612.1 - Manutenção de HW - Servidores HP,HP
PB1613.2,PB1613.2 - Manutenção de SW - Suporte e Subscription (Microsoft),Brasoftware
PB1613.3,PB1613.3 - Manutenção de SW - Suporte e Subscription (RedHat Linux),IT-One
PB1613.4,PB1613.4 - IBM Intelligent Video Analytics Resource,IBM
PB1613.5,PB1613.5 - Manutenção de SW - Suporte e Subscription (IBM),IBM
PB1613.6,PB1613.6 - Manutenção de SW - Suporte e Subscription (Spazio),Primeur
PB1613.7,PB1613.7 - Mantutenção de SW - Suporte e manutenção Stingray (Balanceador de carga),TBD
PB1613.1,PB1613.1 - Manutenção de SW - Suporte e Subscription (VMware),WESTCON
PB1614.2,PB1614.2 - Gestão ITO IBM Pernambuco - MISA G&A,IBM
PB1614.1,PB1650.1 - AMS CFTV,Force One
PB1617.1,PB1617.1 - AMS 24x7 per NPL,FCA Itália
PB1618.1,PB1618.1 - Manutenção de SW - Suporte e Subscription (Oracle),FCA Item
PB1619.2,PB1619.2 - Gestão Facilities - 24x7,NPO
PB1619.1,"PB1619.1 - Manutenção Facilities (UPS, Gerador, Ar Condicionado, etc)",
PB1622.2,PB1622.2 - Suporte Executivo e Suporte TP (Goiana),Stefanini
PB1622.1,"PB1622.1 - Suporte a Eventos, Manutenção de Salas de Reunião, ITSC e Manutenções Gerais",Stefanini/Diversos
PB1623.1,PB1623.1 - Transferência SG&A - Industrial,
PB1625.2,PB1625.2 - Impressão Escritório,Xerox
PB1630.4,PB1630.4 - Leasing de computadores 2018/2,HP Financial
PB1630.3,PB1630.3 - Leasing de computadores 2018/1,HP Financial
PB1630.2,PB1630.2 - Leasing de computadores 2017/2,HP Financial
PB1630.1,PB1630.1 - Leasing de computadores 2017/1,HP Financial
PB1632.1,PB1632.1 - Gestão ITO IBM Pernambuco - MISA Industrial,IBM
PB1716.2,PB1716.2 - ABAQUS,Smarttech
PB1716.3,PB1716.3 - GT-Power,Gamma
PB1716.4,PB1716.4 - INCA,ETAS
PB1716.5,PB1716.5 - MATLAB,Opencadd
PB1716.6,PB1716.6 - Star CCM plus,CD-Adapco
PB1716.7,PB1716.7 - Hyperworks,Altair Engineering
PB1716.8,PB1716.8 - AMLS,CDH AG CAE Services
PB1716.9,PB1716.9 - GT-Power (COMPLEMENTAR),Gamma
PB1716.10,PB1716.10 - ANSA PE,Beta
PB1716.11,PB1716.11 - TEST.LAB PE,Siemens
PB1716.12,PB1716.12 - IBM - Licença DOORS family,IBM
PB1716.13,PB1716.13 - INCA (COMPLEMENTAR) 2,ETAS
PB1716.14,PB1716.14 - ProveTech,MBTech
PB1716.15,PB1716.15 - Hyperworks (COMPLEMENTAR),Altair Engineering
PB1716.16,PB1716.16 - Meta PostProcessor,Smarttech
PB1716.17,PB1716.17 - IBM - Licença Quality Manager Quality Professi,IBM
PB1716.18,PB1716.18 - NASTRAN,MSC Brasil
PB1716.19,PB1716.19 - SIMDrive,Contecs Engineering
PB1716.20,PB1716.20 - IBM - Licença Team Concert Contributor,IBM
PB1716.21,PB1716.21 - PRODIS.MCD,DSA Systems
PB1716.22,PB1716.22 - Reactis,Reactive System
PB1716.23,PB1716.23 - SIMDIFF,ENSOFT
PB1716.24,PB1716.24 - MXAM,MEES
PB1716.25,PB1716.25 - IBM - Licença Rhapsody Design,IBM
PB1716.26,PB1716.26 - SystemDesk,DSPACE
PB1716.27,PB1716.27 - IBM - Licença Team Concert Developer,IBM
PB1716.28,PB1716.28 - ProveTech (COMPLEMENTAR),MBTech
PB1716.29,PB1716.29 - IBM - Licença Publishing Engi,IBM
PB1716.30,PB1716.30 - CANalyzer,Vector Informatik
PB1716.31,PB1716.31 - INTECRIO,ETAS
PB1716.32,PB1716.32 - DA VINCI,Vector Informatik
PB1716.33,PB1716.33 - ProveTech (COMPLEMENTAR),MBTech
PB1716.34,PB1716.34 - DIAB COMPILER,WIND RIVER
PB1716.35,PB1716.35 - CANDELA,Vector Informatik
PB1716.36,PB1716.36 - MATLAB (COMPLEMENTAR),Opencadd
PB1716.37,PB1716.37 - CANalyzer (COMPLEMENTAR),Vector Informatik
PB1716.38,PB1716.38 - MESHWORKS,DEP
PB1716.39,PB1716.39 - MATLAB (COMPLEMENTAR),Opencadd
PB1716.1,PB1716.1 - INCA (COMPLEMENTAR),ETAS
PB1717.2,PB1717.2 - Novo Mundo - CFTV,IBM
PB1717.3,PB1717.3 - Powertrain Digital - CFTV,IBM
PB1717.1,PB1717.1 - Armazenna - CFTV,IBM
PB1741.1,PB1741.1 - Manutenção dispositivos de acesso e ponto,HEAD
PB1776.2,PB1776.2 - Office - Alocação Suporte Técnico Stefanini Fleet,Stefanini
PB1776.3,PB1776.3 - PowertrainDigital - Alocação Suporte Stefanini Fleet,Stefanini
PB1776.1,PB1776.1 - Armazenna - Alocação Suporte Stefanini Fleet,Stefanini
PB1781.2,PB1781.2 - Telefonia Móvel SG&A,BT
PB1781.3,PB1781.3 - Despesas Telefonia Fixa SG&A,BT
PB1781.1,PB1781.1 - Despesas Meetme,BT
PB1782.2,PB1782.2 - Gestão Mensal Telepresense - TPs e VDCs  - Smartnet,BT
PB1782.3,PB1782.3 - Gestão Mensal Telepresense - TPs e VDCs  - Técnico Residente,BT
PB1782.4,PB1782.4 - Office - Gestão Mensal VDC (Complementar),BT
PB1782.5,PB1782.5 - PowertrainDigital - Gestão mensal VDC,BT
PB1782.1,PB1782.1 - Armazenna - Gestão Mensal VDC,BT
PB1783.2,PB1783.2 - WAN - Link Novo Mundo,BT
PB1783.3,PB1783.3 - WAN - Link Armazenna 2,BT
PB1783.4,PB1783.4 - WAN - Link Porto Digital,BT
PB1783.1,PB1783.1 - WAN - Link Regus,BT
PB1807.2,PB1807.2 - Powetrain Digital - Gestão LAN,N&C
PB1807.3,PB1807.3 - Novo Mundo - Gestão LAN,N&C
PB1807.1,PB1807.1 - Armazenna  - Gestão LAN,N&C
PB1814.2,PB1814.2 - Gestão ITO IBM Pernambuco - MISA Engenharia,IBM
PB1814.3,PB1814.3 - Serviço ITO - Gestão Serivdores Front End HPC,IBM/NPO
PB1814.4,PB1814.4 - Serviço ITO - Storage / Back up (Armazenna),IBM/NPO
PB1814.5,PB1814.5 - Serviço ITO - Storage / Back up (SW Center),IBM/NPO
PB1814.1,PB1814.1 - Serviço ITO - Storage / Back up ( Novo Mundo),IBM/NPO
PB1815.1,PB1815.1 - ALM Powertrain,Chrysler
PB1823.1,PB1823.1 - Transferência SG&A - Engenharia,
PB1213.1,PB1213.1 - AMS FGPS,
PB1203.1,PB1203.1 - AMS  XRT,
PB1279.11,PB1279.11 - Gerenciamento Professional Service,
PB1353,PB1353 - Manutenção de Hardware,
PB1355,PB1355 - Manutenção Licenças SW,
PB1356,PB1356 - On-going (AMS),
PB1354.1,PB1354.1 - Serviços e Manutenções NF-e,
PB1354.2,PB1354.2 - Serviços e Manutenções Mainframe,
PB1354.3,PB1354.3 - Serviços e Manutenções Sped Bloco K,
PB1355.1,"PB1355.1 -  Manutenção Sped Bloco K - Licenças InfoSphere, Sterling Connect, DB2",
PB1355.2,PB1355.2 - Manutenção Sped Bloco K - Licenças VmWare,
PB1355.3,PB1355.3 - Manutenção Sped Bloco K - Licenças Windows Server Edition,
PB1355.4,PB1355.4 - Manutenção NFe & Carta de Correção - Licenças Windows Server Edition,
PB1355.5,PB1355.5 - Manutenção NFe & Carta de Correção - Licenças VmWare,
PB1355.6,PB1356.5 - Manutenção NFe & Carta de Correção - Licenças SQL,
PB1356.1,PB1356.1 - Certificado Digital Serasa,
PB1356.2,PB1356.2 - Despesas de Cartório,
PB1356.3,PB1356.3 - Suporte Planejamento e Contratos,
PB1591.1,PB1591.1 - Suporte AMS Click,
PB1291.30,PB1291.30 - AMS Click Mopar - complementar Hortolândia,
PB1291.31,PB1291.31 - Serviços On-going 0800 Atento,
PB1249.25,PB1249.25 - Suporte FCM,
PB1208.28,PB1208.28 - AMS SGTR,BHTEC
PB1231.20,PB1231.20 - [LICENSE] PamStamp - Dies feasibility (complementar),
PB1231.21,PB1231.21 - [LICENSE] Maintenance TrakSYS - Powertrain complementar,
PB1231.22,PB1231.22 - [LICENSE] Die Structure Design,
PB1231.23,PB1231.23 - [LICENSE] Die Validation,
PB1231.24,PB1231.24 - [LICENSE] Press Line Simulation,
PB1232.19,PB1232.19 - Suporte On-Going PWT,
PB1232.20,PB1232.20 - Suporte On-Going Projetos Investimento,
PB1653.1,PB1653.1 - [PLS] AMS Produção,
PB1208.48,PB1208.48 - Desenvolvimento de Rede,
PB1223.3,PB1223.3 - Reply Smart AMS,
PB1267.7,PB1267.7 - Smart AMS RECOF,
PB1206.1,PB1206.1 - Manutenções Evolutivas,
PB1210.1,PB1210.1 - Manutenções Evolutivas,
PB1329.1,PB1329.1 - Repasse de Custos FCA Itália 2016/2017,
PB1220.1,PB1220.1 - ICT Central Governance-Custos Estrutura,
PB1265.1,PB1265.1 - Manutenções Evolutivas,
PB1351.1,PB1351.1 - Repasse de Custos FCA Itália,
PB1526.3,PB1526.3 - Drive IT - Servicenow - Subscription,
PB1653.7,PB1653.7 - AMS Click,
PB1653.6,PB1653.6 - Manutenção de HW Codins e Catracas,
PB1653.5,PB1653.5 - Suporte Xerox,
PB1653.4,PB1653.4 - Suporte Outbound,
PB1653.3,PB1653.3 - Proximity LAN,
PB1653.2,PB1653.2 - Fleet Produção,
PB1216.67,PB1216.67 - Manutenção SW GABI,
PB1716.40,PB1716.40 - Manutenção SW AVL DRIVE,AVL
PB1232.21,PB1232.21 - Suporte On-Going Projetos Cross Manufacturing,
PB1232.22,PB1232.22 - Suporte On-Going Projetos Cross Manufacturing PWT,
PB1232.23,PB1232.23 - Suporte On-Going Projetos BI Cross Manufacturing PWT,
PB1209.8,PB1209.8 - FullBack RAM 1200 for Argentina,
PB1209.9,PB1209.9 - TRYSTAN REBADGE LATAM,
